 ID,Company Name,LOCATION,Lat Long,Test ID 1,Test ID 2,Service Type 1,Service Type 2,Service Type 3,Abbv.,Text Description,Phone Number,Phone 2,Extension,Web Address,Main Email,State,Zip Code,County,Region,Hours,Hours of Service,Main Name,Main First,Main Last,Main Contact Position,Main Contact Phone,Main Contact Email,Secondary Name,Secondary First Name,Secondary Last Name,Secondary Contact Position,Secondary Contact Phone,Secondary Contact Email,Image,SEARCH INDEX,Tags,Notes,Verified,ChannelUsers,Replies Often?,Contacted Often?,Has Been Interviewed?,Draft?,Street View URL,Map Embed URL,Relevant Resources,Resource Types,Favorited,Created,Updated
489,The Fountain Fund,"245 N Broad St suite 300, Philadelphia, PA 19107, USA","39.95710372163185, -75.16240371416484",Center for Employment Opportunity,,Support Services,Life Skills,Benefits,,"Improving the lives of the formerly incarcerated by providing low-interest loans, financial coaching, and community support.

The Fountain Fund is a nonprofit lender that provides low-interest loans and financial coaching to people formerly incarcerated (Client Partners), helping them build credit and achieve their self-determined goals. There is no other organization in the country providing very low-interest loans and financial coaching exclusively to previously incarcerated individuals.

The Fountain Fund offers required financial literacy training which  includes resources related to finances and credit building, group workshops and one-on-one financial coaching to give Client Partners the information, understanding and skills to build credit. In addition, the program connects Client Partners with various community resources to help them make the most of a fresh start and advocates for public policy that increases economic opportunities and reduces obstacles for people formerly incarcerated.",(267) 209-0042,,,www.fountainfund.org,philly@fountainfund.org,PA,19107,Philadelphia,,"Monday to Friday, 9AM to 5PM",,Michael Butler,,,Site Director,(267) 562-2006,mbutler@fountainfund.org,Tom Duffin,,,"Executive Director, Penn Restorative Entrepreneurship Program",(610) 574-3471,tduffin@upenn.edu,"{'url':'a1cf926b8b1ffd3ee2d358601cfd61442f070a567535f6034ff332a1a9d224dc.jpg','size':61254,'width':2535,'height':1250,'filename':'The-Fountain-Fund-full-color-white-bg.jpg','metadata':{'width':2535,'height':1250,'blurHash':'eLSigR-;?a?bD*~qj[xtofM{s;j[Rjayt7~pkBRkj[t7-;j[M|azt6','blurHashWidth':32}}",,,,TRUE,,TRUE,TRUE,TRUE,FALSE,,,,,,2024-12-09T18:05:38.481Z,2025-08-21T17:58:21.288Z
488,Broad Street Love,"315 S Broad St, Philadelphia, PA 19107, USA","39.94613588960327, -75.1647525094843",,,Support Services,Wellness,Employment,,"Broad Street Love provides stabilizing services to those experiencing deep poverty. Rooted in dignity and care, we offer an open, safe space for hundreds of guests every weekday.

This is a non-traditional social service environment providing barrier-free, relevant, and responsive supportive services to a diverse community of Philadelphians. The organization's mission is to transform our city, our institutions, and ourselves by embracing the individual needs of our most vulnerable neighbors. BSL practices radical hospitality by embracing all individuals with enduring empathy and care. BSL reaches beyond the societal norms of service, confronts the injustices that oppress their most vulnerable members, and fundamentally shifts the expectations of how they engage with guests, staff, volunteers, and community partners. BSL sustains a fervor that one day this practice of hospitality will be pervasive and no longer be considered a radical act.",(215) 735-4847,,,broadstreetlove.org,info@broadstreetlove.org,,,,,,,John Doe,,,Example Position,888-888-8888,Example@email.com,,,,,,,,,,,FALSE,,FALSE,FALSE,FALSE,FALSE,,,,,,2024-12-04T22:11:17.455Z,2025-08-21T18:12:54.531Z
487,Triple Bottom Brewery,"915 Spring Garden St, Philadelphia, PA 19123, USA","39.9618018856345, -75.15360213934774",,,Food,Other,Other,,,888-888-8888,,,https://triplebottombrewing.com/,hello@triplebottombrewing.com,,,,,"Thursday	3–10 PM
Friday	3–10 PM
Saturday	12–10 PM
Sunday	12–7 PM
Monday	Closed
Tuesday	Closed
Wednesday	3–10 PM",,John Doe,,,Owner,888-888-8888,Example@email.com,,,,,,,,,,,FALSE,,FALSE,FALSE,FALSE,FALSE,,,,,,2024-10-17T19:58:50.219Z,2025-08-21T18:15:44.730Z
486,Down North Pizza,"2804 W Lehigh Ave, Philadelphia, PA 19132, USA","39.99676652311965, -75.17717358434102",,,,,,,,(215) 377-9787,,,downnorthpizza.com,,,,,,"Thursday	12–9 PM
Friday	12–10 PM
Saturday	12–10 PM
Sunday	12–8 PM
Monday	Closed
Tuesday	Closed
Wednesday	Closed",,,,,,,,,,,,,,,,,,FALSE,,FALSE,FALSE,FALSE,FALSE,,,,,,2024-10-17T19:58:05.379Z,2025-08-21T18:24:51.011Z
485,The Center for Employment Opportunities,"245 N Broad St suite 300, Philadelphia, PA 19107, USA","39.95710372163185, -75.16240371416484",,,,,,CEO,,2153097220,,,https://www.ceoworks.org/philadelphia,CEOPhiladelphia@ceoworks.org,,,,,Mon-Fri 9-5,,Regnarian Jenkins,Regnarian,Jenkins,Supportive Services,445-238-3379,ibobb@ceoworks.org,Ife Bobb,Ife,Bobb,Site Director,,ibobb@ceoworks.org,,,,,FALSE,,FALSE,FALSE,FALSE,FALSE,,,,,,2024-10-17T19:54:39.068Z,2025-02-06T20:21:39.907Z
484,Pathways to Housing PA,"5201 Old York Rd 4th floor, Philadelphia, PA 19141, USA","40.03239932556499, -75.14507493117233",,,,,,,,(215) 390-1500,,,,,,,,,,,,,,,,,,,,,,,,,,,FALSE,,FALSE,FALSE,FALSE,FALSE,,,,,,2024-10-17T19:52:06.504Z,2024-12-10T19:39:47.040Z
483,"Ready, Willing & Able","1221 Bainbridge St, Philadelphia, PA 19147, USA","39.94248895704966, -75.16278209232043",,,,,,RWA,,(215) 795-3255,,,https://www.rwaphila.org/,,,,,,,,,,,,,,,,,,,,,,,,FALSE,,FALSE,FALSE,FALSE,FALSE,,,,,,2024-10-17T19:48:53.392Z,2024-12-10T21:53:37.306Z
482,Impact Services Corporation,"1952 E Allegheny Ave, Philadelphia, PA 19134, USA","39.99433439522044, -75.1116852334961",,,,,,,,(215) 739-1600,,,,info@impactservices.org ,,,,,,,,,,,,,,,,,,,,,,,FALSE,,FALSE,FALSE,FALSE,FALSE,,,,,,2024-10-17T19:47:50.073Z,2024-12-10T19:40:46.174Z
481,Cordelia Homes,,"39.9526, -75.1652",,,Housing,Wellness,Support Services,,"Cordelia Homes assists with various reasources, please look below for more information",888-888-8888,,,http://www.simplehomes.org/about-us,,,,,,,,John Doe,,,Contractor,888-888-8888,Exampleemail@example.com,Jane Doe,,,Customer Relations,777-777-7777,Example@example.com,,,,,FALSE,,FALSE,FALSE,FALSE,FALSE,,,,,,2024-10-17T19:11:17.870Z,2025-08-21T17:35:53.557Z
479,Station House Transitional Shelter,"2601 N Broad St, Philadelphia, PA 19132, USA","39.99222618704379, -75.15469931895339",,,,,,,,(215) 225-9230,,,,,,,,,,,,,,,,,,,,,,,,,,,FALSE,,FALSE,FALSE,FALSE,FALSE,,,,,,2024-10-17T19:10:22.547Z,2024-12-10T19:41:43.731Z
478,Bethesda Project – Our Brother's Place,"907 Hamilton St, Philadelphia, PA 19123, USA","39.960202196333896, -75.15385086327814",,,,,,,,,,,,,,,,,,,,,,,,,,,,,,,,,,,FALSE,,FALSE,FALSE,FALSE,FALSE,,,,,,2024-10-17T18:55:14.830Z,2024-12-10T19:42:15.784Z
477,Bethesda Project – My Brother's House,"609 S 15th St, Philadelphia, PA 19146, USA","39.943579106213605, -75.16718313489362",,,,,,,,,,,,,,,,,,,,,,,,,,,,,,,,,,,FALSE,,FALSE,FALSE,FALSE,FALSE,,,,,,2024-10-17T18:54:45.204Z,2024-12-10T19:42:47.086Z
476,Bethesda Project Office,"1630 South St, Philadelphia, PA 19146, USA","39.94412507745815, -75.16981623125758",,,,,,,,,,,https://www.bethesdaproject.org/our-locations,,,,,,,,,,,,,,,,,,,,,,,,FALSE,,FALSE,FALSE,FALSE,FALSE,,,,,,2024-10-17T18:52:54.122Z,2024-12-10T19:43:29.948Z
475,Philly House,"302 N 13th St, Philadelphia, PA 19107, USA","39.958032618478384, -75.16027974895924",,,,,,,formerly known as Sunday Breakfast Rescue Mission.,(215) 922-6400,,,https://www.phillyhouse.org/,,,,,,,,,,,,,,,,,,,,,,,,FALSE,,FALSE,FALSE,FALSE,FALSE,,,,,,2024-10-17T18:46:19.744Z,2024-12-10T19:44:39.417Z
474,North Philadelphia Municipal Services Center,"2761 N 22nd St, Philadelphia, PA 19132, USA","39.997023305747845, -75.16714083951064",,,,,,,,(267) 271-4973,(215) 821-4324,,,,,,,,"Monday–Thursday, 10 a.m.–3 p.m.",,,,,,,,,,,,,,,,,,FALSE,,FALSE,FALSE,FALSE,FALSE,,,,,,2024-10-17T18:42:55.782Z,2024-12-10T19:45:17.996Z
473,Esperanza Health Center ,"4417 N 6th St, Philadelphia, PA 19140, USA","40.01906715995974, -75.1366876847415",,,,,,,,215-302-3600,215-302-3150,,https://esperanzahealth.com/,,,,,,,,,,,,,,,,,,,,,,,,FALSE,,FALSE,FALSE,FALSE,FALSE,,,,,,2024-10-17T18:36:06.226Z,2024-12-10T19:46:02.292Z
472,United Communities Southeast Philadelphia Houston Center,"2029 S 8th St, Philadelphia, PA 19148, USA","39.923224357510435, -75.15960224025156",,,,,,,,(215) 468-1645,,7200,,,,,,,"Monday–Friday, 9 a.m.–5 p.m.",,,,,,,,,,,,,,,,,,FALSE,,FALSE,FALSE,FALSE,FALSE,,,,,,2024-10-17T18:32:36.463Z,2024-12-10T19:46:39.938Z
471,Philadelphia FIGHT,"1207 Chestnut St 3rd floor, Philadelphia, PA 19107, USA","39.95051732018559, -75.16050175338661",,,,,,,,(215) 525-8636,,,,,,,,,"Monday–Friday, 9 a.m.–5 p.m.",,,,,,,,,,,,,,,,,,FALSE,,FALSE,FALSE,FALSE,FALSE,,,,,,2024-10-17T18:19:39.132Z,2024-12-10T19:48:33.370Z
470,BenePhilly Center,"2029 S 8th St, Philadelphia, PA 19148, USA","39.923246470243654, -75.15960559299262",,,,,,,,844-848-4376,,,,,,,,,"Monday through Friday, 9 a.m to 5 p.m.",,,,,,,,,,,,,,,,,,FALSE,,FALSE,FALSE,FALSE,FALSE,,,,,,2024-10-17T18:18:42.692Z,2024-12-10T19:46:47.494Z
469,Pennsylvania's County Assistance Office,"5070 Parkside Ave, Philadelphia, PA 19131, USA","39.980375369983776, -75.22160265678014",,,,,,,,215-560-5500,215-560-1495,,https://www.pa.gov/en/agencies/dhs/contact/cao-information.html,,,,,,8 a.m.-5 p.m.,,,,,,,,,,,,,,,,,,FALSE,,FALSE,FALSE,FALSE,FALSE,,,,,,2024-10-17T18:15:18.888Z,2024-12-10T21:53:51.289Z
468,Philadelphia Access Center,"1832 S 11th St, Philadelphia, PA 19148, USA","39.926238866544, -75.16398586496945",,,,,,,"The Philadelphia Access Center began as a social services information and referral center. More than twenty years later, social services is still the largest part of our ministry. Our compassionate social service case coordinators meet with guests one-on-one to work through whatever issues they are facing. From navigating a crisis to simply answering questions, our case coordinators are here to be good neighbors to anyone in need.

Information, referrals, and advocacy are available for a multitude of resources, including (but not limited to) food, clothing, emergency shelter, housing, substance abuse, children's resources, senior programs, public assistance, and many others.",(215) 389-1985,(215) 389-1987,,www.philaccess.org,pacinfo@philaccess.org,,19148,,,"Monday-Thursday, 9:00 AM - 3:00 PM
Friday, 9:00 AM - 12:30 PM",,Ken Melloni,Ken,Melloni,Director,,kjm@philaccess.org,Joe Welch,Joe,Welch,Counselor,,jwelch@philaccess.org,,,,,FALSE,,FALSE,FALSE,FALSE,FALSE,,,,,,2024-10-17T18:09:23.147Z,2024-12-10T19:52:58.193Z
467,Lifeline Phone Service,,"39.9526, -75.1652",,,,,,"The process for applying for Lifeline is separate from other benefits applications programs and can be completed online, over the phone, or via the mail. Individuals have a wide range of plans available to them depending on the selected carrier so it is important to compare plans and select the one that best meets your needs and service area. The application for Lifeline can be completed any time online here: https://nv.fcc.gov/lifeline",,800-234-9473,,,https://www.lifelinesupport.org/get-started/,lifelinesupport@usac.org,,,,,,,,,,,,,,,,,,,,,,,FALSE,,FALSE,FALSE,FALSE,FALSE,,,,,,2024-10-17T18:00:28.347Z,2025-08-20T16:02:46.728Z
466,Office of Homeless Services,,"39.9526, -75.1652",,,,,,OHS,"Offers emergency shelters, transitional housing, and support services for individuals experiencing homelessness.",,,,https://www.phila.gov/departments/office-of-homeless-services/,,,,,,,,,,,,,,,,,,,,,,,,FALSE,,FALSE,FALSE,FALSE,FALSE,,,,,,2024-10-17T17:58:17.943Z,2025-08-20T16:02:58.223Z
465,Mady's Hands,"1952 N 24th St, Philadelphia, PA 19121, USA",,,,,,,,"Our services include the following: Food Pantry Nursery Pantry including Diapers, clothing and other baby items. HIV Testing Kits (Take Home) Clothing Bank (availability varies-please call to see if we have your size, if not we have a referral for you).",267-825-5628,,,,admin@sistatalkphl.org,,,,,Monday: 1pm-5pm Tuesday: 1pm-5pm Wednesday: 1pm-5pm Thursday: By Appt. Only,,,,,,,,,,,,,,,,,,,,,,,,,,,,,2024-10-17T17:57:47.051Z,2024-10-17T17:57:47.051Z
461,Office of Reentry Partnerships,"1425 Arch St floor 1, Philadelphia, PA 19102, USA","39.95475670772454, -75.16441048535275",,,,,,ORP,,215-683-3370,,,,,,,,,,,,,,,,,,,,,,,,,,,FALSE,,FALSE,FALSE,FALSE,FALSE,,,,,,2024-10-17T17:39:45.558Z,2024-12-10T21:54:45.372Z
460,Office of Reentry and Community Services,,"39.9526, -75.1652",,,,,,ORCS,,,,,https://www.compass.dhs.pa.gov/home/#/,,,,,,,,,,,,,,,,,,,,,,,,FALSE,,FALSE,FALSE,FALSE,FALSE,,,,,,2024-10-17T17:34:10.818Z,2025-08-20T16:03:39.581Z
458,Philadelphia Reentry Coalition,"1425 Arch St, Philadelphia, PA 19102, USA","39.954685031964885, -75.16421448393164",,,,,,,,215-683-3370,,,https://www.phlreentrycoalition.org/,,,19102,,,"Mon - Fri: 9am - 5pm
​​Saturday and Sunday: Closed",,Kierra Nocho,,,,,kierra.nocho@phila.gov,,,,,,,,,,,FALSE,,FALSE,FALSE,FALSE,FALSE,,,,,,2024-10-17T17:32:32.625Z,2024-12-10T20:01:48.712Z
455,Friends Rehabilitation Program,"704 W Girard Ave, Philadelphia, PA 19123, USA","39.970295254522235, -75.14846406444201",,,,,,,"FRP answers the call to social justice and ecological sustainability by supporting the marginalized and vulnerable in the Philadelphia region with housing, life-skill and job readiness resources through social services, partnerships, and programs for training and jobs.

Our Mission is to have a racially and economically just Philadelphia region where communities that once experienced economic neglect are thriving, and have safe, energy-efficient, and attainable housing opportunities, vibrant green space, and an abundance of resources to meet the needs of the vulnerable. ",(215) 825-8800,(215) 923-1539,,https://friends-frp.org/,,,,,,,,,,,,,,,,,,,,,,,,FALSE,,FALSE,FALSE,FALSE,FALSE,,,,,,2024-10-16T20:57:40.671Z,2024-12-10T20:05:23.413Z
454,First Step Staffing Philadelphia,"1231 N Broad St, Philadelphia, PA 19122, USA","39.97296395495297, -75.15892361878328",,,Education,Wellness,Employment,,"Our process starts with an in-depth evaluation that assesses work history, technical skills, and living situations and identifies other barriers to employment. After an in-person orientation and a one-on-one meeting with a job coach, clients are matched with an employer and placed in a job within 48-72 hours. Through partnerships with public transportation and Enterprise Rideshare, we provide clients with transportation to and from work. The First Step team also coordinates closely with other nonprofits to connect clients to resources and services such as housing, healthcare, food and clothing needs, and more that they need to develop a stable path out of poverty and homelessness.

Looking for more than just a paycheck? At First Step Staffing, we understand that the right job can open doors to lasting financial independence. We don’t just offer employment; we provide the opportunity to build a stable, fulfilling future.

When you join us, you gain more than a job—you gain access to tailored training, steady support, and the tools you need to grow professionally and personally. With the right guidance and confidence, a job becomes a pathway to success that can transform your life.",(215) 333-3349,(833) 539-3059,,www.firststepstaffing.com,,,19122,,,,,Trevor Turner,,,"Vice President, General Manager of Philadelphia Region",888-888-8888,Example@Email.com,,,,,,,,,,,FALSE,,FALSE,FALSE,FALSE,FALSE,,,,,,2024-10-16T20:57:37.453Z,2025-08-21T18:09:29.063Z
453,Action Wellness,"1216 Arch St 6th floor, Philadelphia, PA 19107, USA","39.953971669578856, -75.16035491832508",,,Benefits,Life Skills,Wellness,,"Action Wellness has a range of support services they offer to the philadelphia area, please look below for more information.",(215) 981-0088,,,www.actionwellness.org,,,,,,,,Mary Evelyn Torres,,,Executive Director,888-888-8888,Example@Email.com,Adrienne Crain,,,Assistant Director of Client Services,888-888-8888,Example@example.com,,,,,FALSE,,FALSE,FALSE,FALSE,FALSE,,,,,,2024-10-16T20:57:29.763Z,2025-08-21T18:01:24.926Z
452,People for People,"800 N Broad St, Philadelphia, PA 19130, USA","39.9680763723405, -75.1604021137865",,,,,,PFP,"Founded on a vision of bringing transformation to North Central Philadelphia and beyond, People for People, Inc. (PFP) is a non-profit organization established by Herbert H. Lusk, II that is dedicated to bringing the kind of life-changing assistance to Philadelphians which helps them construct new futures for themselves and their families.

The guiding mission of PFP is to break the vicious, generational cycle of poverty in the lives of economically-challenged residents of Philadelphia by providing them with positive alternatives to drugs, crime, and welfare dependency. Recognizing the complex and inter-connected obstacles facing low-income urban residents, PFP provides support services to residents and links distressed neighborhoods with concerned leadership and available resources. PFP facilitates the development of personal responsibility, accountability and self-reliance.",(215) 235-2340,,,www.peopleforpeople.org,info@peopleforpeople.org,,19130,,,"Mon-Fri
9 AM - 5 PM",,,,,,,,,,,,,,"{'url':'7c65b9d48e52a39a1f7f5ffac4eeca3aa3cc041ff426b9d4a44ddb4d6e20e266.png','size':30914,'width':185,'height':128,'filename':'p4p-logo.png','metadata':{'width':185,'height':128,'blurHash':'eWP%R]t7?b%Mxb~qt7o2xajb%MfQt7t7RjayM{%Mt7M{?Is;IUayR%','blurHashWidth':32}}",,,,FALSE,,FALSE,FALSE,FALSE,FALSE,,,,,,2024-10-16T20:57:25.933Z,2024-12-10T20:23:25.482Z
451,Diversified Community Services,"1920 S 20th St, Philadelphia, PA 19145, USA","39.92752914112552, -75.17893299807966",,,,,,DCS,,(215) 336-3511,,,www.dcsphila.org,,,19145,,,Open 24 Hours,,,,,,,,,,,,,,,,,,FALSE,,FALSE,FALSE,FALSE,FALSE,,,,,,2024-10-16T20:57:22.435Z,2024-12-10T20:25:54.872Z
450,Philadelphia Works,"1617 John F Kennedy Blvd Bridge 13th floor, Philadelphia, PA 19103, USA","39.952968607295865, -75.16650114854545",,,,,,,,(215) 963-2100,,,www.philaworks.org,info@philaworks.org,,19103,,,,,John Daly,,,Compliance & EEO Officer,,,"Tyrone Hampton, Jr.",,,"Director, Workforce Partnerships",,thampton@philaworks.org,"{'url':'5292396e2b4de053093c96a6ef1eca2ec05593d6f2fdc203735e2f85cdaa31f4.jpg','size':86128,'width':1399,'height':734,'filename':'PW_Logo.jpg','metadata':{'width':1399,'height':734,'blurHash':'eQRMh|tRxt%2of?HRjofofay~qoeRktRWC~qt7R*j]fkV@ofj[Riay','blurHashWidth':32}}",,,,FALSE,,FALSE,FALSE,FALSE,FALSE,,,,,,2024-10-16T20:57:17.610Z,2024-12-10T20:37:30.206Z
449,Urban League of Philadelphia,"1500 John F Kennedy Blvd, Philadelphia, PA 19102, USA","39.953510510262284, -75.16567932722344",,,,,,,"Since 1917, the Urban League of Philadelphia has worked to make a difference in our community. As a proud affiliate of the National Urban League, one of the nation's oldest community-driven movements, our focus has always been on helping disenfranchised urban communities thrive. Our mission is to support Black Americans and other historically marginalized groups by promoting social equality, economic independence, and civil rights. We do this through programming for youth, education, job training, housing, workforce development,  re-entry, entrepreneurship, economic development, and health equity. With the support of a strong board, skilled staff, and passionate volunteers, we’re committed to building a future where everyone has the opportunity to succeed.",(215) 985-3220,,,www.urbanleaguephila.org,info@urbanleaguephila.org,,19102,,One Penn Center,,,Dennis Nicholson,,,Director of Re-entry Programs & Services,(215) 985-3220 ext. 219,dnicholson@urbanleaguephila.org,Mary Harper,,,"Director, Office of Housing and Diversion Services",(215) 985-3220 ext. 237,mharper@urbanleaguephila.org,"{'url':'8efcfa9d59985a3c1a445c5fb184260f0b4e386f546fc7659bc78ce7926aadcb.png','size':28720,'width':1500,'height':576,'filename':'https___cdn.evbuc.com_images_856657129_398437918687_1_original.png','metadata':{'width':1500,'height':576,'blurHash':'eUS63[rDrYxutR^+jFaeofkC.8X8NGt7j[~qV@aej[kCWBj[t7WBa|','blurHashWidth':32}}",,,,FALSE,,FALSE,FALSE,FALSE,FALSE,,,,,,2024-10-16T20:57:12.161Z,2024-12-10T20:47:51.703Z
448,IMPACT Services Corporation,"1952 E Allegheny Ave suite 500, Philadelphia, PA 19134, USA","39.99433255894427, -75.11174495566915",,,,,,,"Since 1974, we have been working in the Kensington neighborhood of Philadelphia to help people re-enter the workforce, find stable housing, and help build community. Over the last two decades we have also built a continuum of housing services in an effort to end homelessness.

The foundation of our work lies in our ability to nurture partnerships with other mindful organizations. By aligning missions, resources, and creativity, we’re able to muster the latent energy in our community.",(215) 739-1600,,,www.impactservices.org,info@impactservices.org,,19134,,,,,Joe Douglas,,,Director of Workforce Development,,info@impactservices.org,Marc Kelly,,,Director of Learning and Evaluation,,N/A,"{'url':'21fdd2b0b68a116bed0cef43d5e32b975f7dda9fbda6fcf958c7df699cdfec57.png','size':6284,'width':1244,'height':287,'filename':'Impact_Logo-01.png','metadata':{'width':1244,'height':287,'blurHash':'eYONX#j^jYxuoJt.ozt7%LofodjZM|oeRj?wxtIpRkWVE2t7R*bHWV','blurHashWidth':32}}",,,,FALSE,,FALSE,FALSE,FALSE,FALSE,,,,,,2024-10-16T20:57:07.509Z,2025-08-14T14:42:33.639Z
447,I'm FREE -Females Reentering Empowering Each Other,"4700 Wissahickon Ave, Philadelphia, PA 19144, USA","40.01626455272381, -75.17405063220131",,,,,,,"I’m FREE – Females Reentering Empowering Each Other, a woman-centered organization, advances the life chances of women transitioning from corrections to community by advocating for gender-responsive, trauma-informed care; providing consultation to agencies and offering innovative services for the women and their families.

Our vision is to create an innovative, interactive model using best practices and infusing therapeutic and holistic approaches to guide formerly incarcerated women to self-sustaining lifestyles. 

It is our intent for every woman to reconnect with society and her family with the help of our services, revitalize her sense of purpose, and renew her mind; thus, freeing herself from an institutionalized way of living.",(215) 951-0330 ext. 2147,267-281-3733,,www.imfreeonline.org,ImFREEonline@gmail.com,,,,,,,,,,,,,,,,,,,"{'url':'3cb39e2ff850f300b3af16317ac95bd65c5b4db8ded10a4f85ce7866e6b0300b.png','size':15576,'width':432,'height':170,'filename':'ImFree-Logo-1_02.png','metadata':{'width':432,'height':170,'blurHash':'eTQJyGIBD+%M%L~WIUM{oft7^+kpxsoKM}~q%Lt7j[RjR%t6j]WVoc','blurHashWidth':32}}",,,,FALSE,,FALSE,FALSE,FALSE,FALSE,,,,,,2024-10-16T20:57:03.132Z,2024-12-10T21:07:05.660Z
445,Sisters Returning Home,"302 W School House Ln, Philadelphia, PA 19144, USA","40.02888570735785, -75.17817115963439",,,,,,SRH,"Sisters Returning Home is an organization that provides services to the growing population of women who have recently been released from Philadelphia county jails or Pennsylvania State correctional facilities. The organization's client, reentering women, face a unique set of challenges, including homelessness, substance abuse, physical and mental health problems, and a lack of social and familial support. Sisters Returning Home's programming is designed with these challenges in mind in order to provide comprehensive support to meet their clients' needs.

",(215) 900-4202,,,www.sistersreturninghome.org,info@sistersreturninghome.org,,,,,Mon-Thurs 9-5,,,,,,,,,,,,,,"{'url':'d0e838e26d6d1ca876da51ca067163e23ba265552a7a31c2505c8afbd19aadc0.png','size':14939,'width':255,'height':182,'filename':'SRH logo.png','metadata':{'width':255,'height':182,'blurHash':'eiPQHikF?Yxu%MRoWFxZj[of~os*IWj@M|?bobM}ofaxt7oeazoefP','blurHashWidth':32}}",,,,FALSE,,FALSE,FALSE,FALSE,FALSE,,,,,,2024-10-16T20:56:44.382Z,2024-12-10T21:13:59.207Z
444,Youth Sentencing & Reentry Project,,"39.9526, -75.1652",,,,,,YSRP,,,,,,,,,,,,,,,,,,,,,,,,,,,,,FALSE,,FALSE,FALSE,FALSE,FALSE,,,,,,2024-10-16T20:56:40.711Z,2025-08-20T16:03:52.259Z
443,Community Behavioral Health,"801 Market St, Philadelphia, PA 19107, USA","39.951641153918594, -75.1536918335943",107,,,,,CBH,"For more than 25 years, Community Behavioral Health has been expanding access to mental health services for Philadelphians. CBH provides access to high-quality, accountable care to improve the health and mental wellness of our members.",215-413-3100,,,cbhphilly.org/contact-list/,,,,,,,,,,,,,,,,,,,,,,,,FALSE,,FALSE,FALSE,FALSE,,,,,,,2024-09-22T16:53:29.179Z,2024-09-22T16:53:29.179Z
442,Public Health Management Corporation,"Centre Square, 1500 Market St, Philadelphia, PA 19102, USA","39.95233972046358, -75.16652794323095",106,,,,,PHMC,"Services include: Behavioral Health, Primary Care, and social services to support individuals in their health and wellness goals. ",215-985-2500,,,phmc.org,,,19102,Philadelphia,Centre Square East,,,,,,,,,,,,,,,,,,,FALSE,,FALSE,FALSE,FALSE,,,,,,,2024-09-22T16:53:29.168Z,2024-09-22T16:53:29.168Z
441,Heights Philadelphia,"123 S Broad St # 850, Philadelphia, PA 19109, USA","39.94988535693484, -75.1635769700262",105,,,,,,"From middle school onward, students get access to academic, workforce, and college support that breaks down barriers to propel economic mobility.

Individualized advising. Academic enrichment. Internship opportunities. Financial support. We help each student find a path to success through every step of their lives.",215-790-1666,,,,,,19109,Philadelphia,,,,,,,,,,,,,,,,,,,,FALSE,,FALSE,FALSE,FALSE,,,,,,,2024-09-22T16:53:29.164Z,2024-09-22T16:53:29.164Z
440,Office of Homeless Services,"1401 John F Kennedy Blvd #1030, Philadelphia, PA 19102, USA","39.95416208260039, -75.1644507614079",102,,,,,OHS,"Offers emergency shelters, transitional housing, and support services for individuals experiencing homelessness. ",,,,phila.gov/departments/office-of-homeless-services/,,,,,,,,,,,,,,,,,,,,,,,,FALSE,,FALSE,FALSE,FALSE,,,,,,,2024-09-22T16:53:29.161Z,2024-09-22T16:53:29.161Z
439,Department of Behavioral Health and Intellectual Disability Services,"Aramark Tower, 1101 Market St, Philadelphia, PA 19107, USA","39.952141160434024, -75.15839881971432",101,,,,,DBHIDS,"Provides mental health and substance abuse treatment services to individuals with disabilities, including those experiencing homelessness or re-entering the community.

We embrace a vision of recovery, resilience, and self-determination through a model of care that is directed by the person in recovery. In this model, professional treatment, along with family, individual, and other resources, allows people to manage their own conditions and build their own recovery resources.

We also help people with intellectual disabilities live self-determined lives in their communities by providing quality support and services.",215-685-5400,,,dbhids.org,dbhidscommunications@phila.gov,,,,,,,,,,,,,,,,,,,,,,,FALSE,,FALSE,FALSE,FALSE,FALSE,https://maps.app.goo.gl/fYUKkUFFRYhgoDy88,https://www.google.com/maps/embed?pb=!4v1728494089037!6m8!1m7!1sYTYszQmUMxQDQBieEM8xpg!2m2!1d39.9522792243106!2d-75.15822126715962!3f275.8586534967218!4f-1.6828300542715766!5f0.7820865974627469,,,,2024-09-22T16:53:29.158Z,2024-10-16T20:45:17.109Z
438,Reentry Action Coalition,"1800 John F Kennedy Blvd Suite 300, Philadelphia, PA 19103, USA","39.953962871198684, -75.17003317535526",100,,,,,RAC,Advocates for policy changes and provides support services for individuals re-entering the community.,,,,thenrwc.org/conference/,,,,,,,,,,,,,,,,,,,,,,,,FALSE,,FALSE,FALSE,FALSE,,,,,,,2024-09-22T16:53:29.155Z,2024-09-22T16:53:29.155Z
437,Philadelphia Lawyers for Social Justice,"230 S Broad St #1102, Philadelphia, PA 19102, USA","39.9484052765602, -75.16515737301322",99,,,,,PLSJ,Offers legal services to individuals experiencing homelessness or re-entering the community.,,,,plsephilly.org/,,,,,,,,,,,,,,,,,,,,,,,,FALSE,,FALSE,FALSE,FALSE,,,,,,,2024-09-22T16:53:29.152Z,2024-09-22T16:53:29.152Z
436,The People's Paper Co-Op,"2544 Germantown Ave, Philadelphia, PA 19133, USA",,98,,,,,,"Connects formerly incarcerated individuals with artists, lawyers, and others to develop skills and advocate for themselves.",215-225-7830,,,peoplespaperco-op.weebly.com/,info@villagearts.org,,,,,"10 a.m. – 5 p.m.
Monday through Friday",,,,,,,,,,,,,,,,,,FALSE,,FALSE,FALSE,FALSE,FALSE,,,,,,2024-09-22T16:53:29.149Z,2025-08-21T18:24:40.015Z
435,Office of Student Rights and Responsibilities,"440 N Broad St, Philadelphia, PA 19130, USA","39.96097270683761, -75.16236870239791",96,,Homelessness,Young Adults,Continuing Education,,"We ensure that all children and youth experiencing homelessness are enrolled, participate, and have the opportunity to succeed in school. Our mission is to reduce and/or eliminate educational barriers using local “best practices” and the authorized activities of the McKinney-Vento Homeless Assistance Act.",215-400-4830,,,philasd.org/studentrights/#homeless,,,19130,Philadelphia,,,,,,,,,,,,,,,,,,,,FALSE,,FALSE,FALSE,FALSE,,,,,,,2024-09-22T16:53:29.146Z,2024-09-22T16:53:29.146Z
434,The Philadelphia School,"2501 Lombard St, Philadelphia, PA 19146, USA","39.94684655179244, -75.18227799654116",95,,Young Adults,Counseling,Mental Health Services,,,215-545-5323,,,,,,19146,Philadelphia,,,,,,,,,,,,,,,,,,,,FALSE,,FALSE,FALSE,FALSE,FALSE,,,,,,2024-09-22T16:53:29.143Z,2024-12-04T21:26:28.170Z
433,Mazzoni Center – Washington West,"1201 Locust St, Philadelphia, PA 19107, USA","39.947833106303875, -75.16090015260205",94,,Support Services,Counseling,Mental Health Services,,"The Mazzoni Center provides quality comprehensive health and wellness services in an LGBTQ-focused environment, while preserving the dignity and improving the quality of life of the individuals we serve.",215-985-9206,,,mazzonicenter.org/about-us/contact-us,,,19107,Philadelphia,,,,,,,,,,,,,,,,,,,,FALSE,,FALSE,FALSE,FALSE,,,,,,,2024-09-22T16:53:29.140Z,2024-09-22T16:53:29.140Z
432,Mazzoni Center – Bainbridge,"1348 Bainbridge St, Philadelphia, PA 19147, USA","39.94262288982232, -75.1651136890522",93,,Support Services,Counseling,Mental Health Services,,"The Mazzoni Center provides quality comprehensive health and wellness services in an LGBTQ-focused environment, while preserving the dignity and improving the quality of life of the individuals we serve.",215-563-0652,215-563-0658,,mazzonicenter.org/about-us/contact-us,,,19147,Philadelphia,,,,,,,,,,,,,,,,,,,,FALSE,,FALSE,FALSE,FALSE,,,,,,,2024-09-22T16:53:29.138Z,2024-09-22T16:53:29.138Z
431,Second Chances Ministries,"1516 N 5th St Unit 101, Philadelphia, PA 19122, USA","39.97451473316916, -75.14422641698347",90,,Support Services,Counseling,Mental Health Services,,,,,,2ndchance-ministries.org,,,,,,,,,,,,,,,,,,,,,,,,FALSE,,FALSE,FALSE,FALSE,,,,,,,2024-09-22T16:53:29.135Z,2024-09-22T16:53:29.135Z
430,Building 21,"6501 Limekiln Pike, Philadelphia, PA 19138, USA","40.05366264819684, -75.15263621839846",89,,Support Services,Counseling,Mental Health Services,,"The School District of Philadelphia and SEPTA provide free trans-passes to students who live 1.5 miles or more from Building 21 Philadelphia. When the trans-passes are delivered to the school, they will be accompanied by a list of students who are eligible to receive one. You will receive a free trans-passes ONLY if your name appears on the list. Free trans-passes will be distributed once a week during Advisory.

Trans-passes are for use from 6:00 AM to 7:00 PM
No evening or weekend use is permitted
Adults may not use SEPTA Student trans passes
Learners will be responsible for the safety and security of the free learner trans-pass
Lost trans-passes: Each learner is expected to maintain the safety and security of the free trans-pass that was issued. Principals will notify the parents about lost trans-passes. Parents will be required to purchase a trans-pass to replace lost passes.",,,,,,,19138,,,,,,,,,,,,,,,,,,,,,FALSE,,FALSE,FALSE,FALSE,,,,,,,2024-09-22T16:53:29.132Z,2024-09-22T16:53:29.132Z
429,Community College of Philadelphia,"Community College of Philadelphia, 1700 Spring Garden St, Philadelphia, PA 19121, USA","39.96196376703448, -75.16598584679281",88,,Support Services,Counseling,Mental Health Services,CCP,"Offers affordable credit and non-credit programs, including workforce development and adult education, to help individuals re-entering the community find employment.",,,,ccp.edu,,,,,,,,,,,,,,,,,,,,,,,,FALSE,,FALSE,FALSE,FALSE,,,,,,,2024-09-22T16:53:29.129Z,2024-09-22T16:53:29.129Z
426,Lutheran Settlement House,"1340 Frankford Ave, Philadelphia, PA 19125, USA","39.97146959737574, -75.13460645272639",78,,Support Services,Counseling,Mental Health Services,LSH,"Lutheran Settlement House (LSH) is a multi-service non-profit on the border of Fishtown and Kensington. LSH has been serving the community since 1902 through various programs, adapting and responding to the needs of the community at the time. Currently, we offer domestic violence counseling and prevention programs, a family shelter in North Philly, a food pantry, family caregiver counseling, and a senior community center.  Our mission is to build a support system and community for individuals in crisis so that folks can have the stability that everyone deserves and to be able to focus on the things that really matter to them.

Established in 1902, Lutheran Settlement House (LSH) is a non-profit, community-based organization committed to serving children, adults, and families living in Philadelphia. Over the past century, the programs and services offered by LSH have changed in response to the evolving needs of the community. However, the core mission of Lutheran Settlement House — “to empower individuals, families, and communities to achieve and maintain self-sufficiency through an integrated program of social, educational, and advocacy services” — has remained constant.  ",(215) 426-8610,(866) 723-3014,,lutheransettlement.org,,,,,,,,Meg Finley,,,Senior Services and Nutrition Director,215-426-8610 ext. 1204,mfinley@lshphilly.org,Ian Willison,,,Financial Independence,267-961-2363,iwillison@lshphilly.org,"{'url':'3fa187a45162239d45783d154693fb3b3228f47a5f5fe00551e685590c99a724.png','size':62643,'width':2220,'height':739,'filename':'LSH_Logo_Horizontal_Full_ Color.png','metadata':{'width':2220,'height':739,'blurHash':'ejRL^K#4xTxu%L~os*RlXBXUx]R+kDS6Sj?cWFaextoItSbcWCocax','blurHashWidth':32}}",,,"● Food Access
– Meals for Seniors
Weekly grocery distribution, Meals daily at 11:30am
– Food Pantry 
Monday through Friday 9am-3pm
– Community Meals 
Third Thursday of every month
– Holiday Meals 
Holiday food distributions occur as they become available.  Thanksgiving basket distribution usually occurs the Tuesday before Thanksgiving, and advance registration is required. The Thanksgiving Distribution will be announced in October along with registration information. 

● Homeless Services
– Baby, Children, & Youth Supports: 
Latisha Brown-Swans, lswans@lshphilly.org, 215-387-2587 ext. 2125
– Jane Addams Place:
Jessica Collazo, jcollazo@lshphilly.org, 215-387-2587, ext. 2131

● Domestic Violence Services
– General:
Marcella Nyachogo, mslick@lshphilly.org, 215-426-8610, ext. 1278
– Child Counseling:
Abby Squire, asquire@lshphilly.org, 267-210-6716
– Community Education & Training:
Toby Fraser, tfraser@lshphilly.org, 215-426-8610 ext. 1233
– Domestic Violence Housing:
Sydney Rolle, 215-426-8610, ext. 1295
– Masculinity Action Project:
Toby Fraser, tfraser@lshphilly.org, 215-426-8610 ext. 1233
– Medical Advocacy:
Jessica DuBois Palardy, jdubois@lshphilly.org, 215-426-8610 ext. 1265
– Students Talking About Relationships (STAR):
Toby Fraser, tfraser@lshphilly.org, 215-426-8610 ext. 1233
– Survivor’s Network:
India Azzinaro, iazzinaro@lshphilly.org, 267-570-7247
– What is Domestic Violence?:
Robin Walker, rwalker@lshphilly.org, 215-426-8610, ext. 1282
– Counseling Services: 
Camille Stoudt, cstoudt@lshphilly.org, 215-426-8610 ext. 1201

● Senior Services
– Senior Activities:
Caroline Klug, cklug@lshphilly.org, 215-426-8610 ext. 1206
– Senior Community Center:
Mary Thoma, mthoma@lshphilly.org, 215-426-8610 ext. 1202
– Senior Food Access and Nutrition:
Meg Finley, mfinley@lshphilly.org, 215-426-8610, ext. 1204
– Caregiver Support 
Meg Finley, mfinley@lshphilly.org, 215-426-8610, ext. 1204
– Health 
Mary Thoma, mthoma@lshphilly.org, 215-426-8610 ext. 1202",FALSE,,FALSE,FALSE,FALSE,FALSE,,,,,,2024-09-22T16:53:29.121Z,2024-12-05T00:31:32.548Z
425,Lutheran Settlement House,"1007 W Lehigh Ave, Philadelphia, PA 19133, USA","39.99329539557329, -75.14837084042995",77,,Support Services,Counseling,Mental Health Services,,"Lutheran Settlement House (LSH) is a multi-service non-profit on the border of Fishtown and Kensington. LSH has been serving the community since 1902 through various programs, adapting and responding to the needs of the community at the time. Currently, we offer domestic violence counseling and prevention programs, a family shelter in North Philly, a food pantry, family caregiver counseling, and a senior community center.  Our mission is to build a support system and community for individuals in crisis so that folks can have the stability that everyone deserves and to be able to focus on the things that really matter to them.

Established in 1902, Lutheran Settlement House (LSH) is a non-profit, community-based organization committed to serving children, adults, and families living in Philadelphia. Over the past century, the programs and services offered by LSH have changed in response to the evolving needs of the community. However, the core mission of Lutheran Settlement House — “to empower individuals, families, and communities to achieve and maintain self-sufficiency through an integrated program of social, educational, and advocacy services” — has remained constant.  ",(215) 426-8610,(866) 723-3014,,lutheransettlement.org,,,,,,,,Meg Finley,,,Senior Services and Nutrition Director,215-426-8610 ext. 1204,mfinley@lshphilly.org,Ian Willison,,,Financial Independence,267-961-2363,iwillison@lshphilly.org,"{'url':'0f74900ac4b7f8b74e2c9d6f88203157252bfa78468260349f285cfde96f7df7.png','size':28323,'width':2220,'height':739,'filename':'3fa187a45162239d45783d154693fb3b3228f47a5f5fe00551e685590c99a724.png','metadata':{'width':2220,'height':739,'blurHash':'ejRL^K#4xTxu%L~os*RlXBXUx]R+kDS6Sj?cWFaextoItSbcWCocax','blurHashWidth':32}}",,,"● Food Access
– Meals for Seniors
Weekly grocery distribution, Meals daily at 11:30am
– Food Pantry 
Monday through Friday 9am-3pm
– Community Meals 
Third Thursday of every month
– Holiday Meals 
Holiday food distributions occur as they become available.  Thanksgiving basket distribution usually occurs the Tuesday before Thanksgiving, and advance registration is required. The Thanksgiving Distribution will be announced in October along with registration information. 

● Homeless Services
– Baby, Children, & Youth Supports: 
Latisha Brown-Swans, lswans@lshphilly.org, 215-387-2587 ext. 2125
– Jane Addams Place:
Jessica Collazo, jcollazo@lshphilly.org, 215-387-2587, ext. 2131

● Domestic Violence Services
– General:
Marcella Nyachogo, mslick@lshphilly.org, 215-426-8610, ext. 1278
– Child Counseling:
Abby Squire, asquire@lshphilly.org, 267-210-6716
– Community Education & Training:
Toby Fraser, tfraser@lshphilly.org, 215-426-8610 ext. 1233
– Domestic Violence Housing:
Sydney Rolle, 215-426-8610, ext. 1295
– Masculinity Action Project:
Toby Fraser, tfraser@lshphilly.org, 215-426-8610 ext. 1233
– Medical Advocacy:
Jessica DuBois Palardy, jdubois@lshphilly.org, 215-426-8610 ext. 1265
– Students Talking About Relationships (STAR):
Toby Fraser, tfraser@lshphilly.org, 215-426-8610 ext. 1233
– Survivor’s Network:
India Azzinaro, iazzinaro@lshphilly.org, 267-570-7247
– What is Domestic Violence?:
Robin Walker, rwalker@lshphilly.org, 215-426-8610, ext. 1282
– Counseling Services: 
Camille Stoudt, cstoudt@lshphilly.org, 215-426-8610 ext. 1201

● Senior Services
– Senior Activities:
Caroline Klug, cklug@lshphilly.org, 215-426-8610 ext. 1206
– Senior Community Center:
Mary Thoma, mthoma@lshphilly.org, 215-426-8610 ext. 1202
– Senior Food Access and Nutrition:
Meg Finley, mfinley@lshphilly.org, 215-426-8610, ext. 1204
– Caregiver Support 
Meg Finley, mfinley@lshphilly.org, 215-426-8610, ext. 1204
– Health 
Mary Thoma, mthoma@lshphilly.org, 215-426-8610 ext. 1202",FALSE,,FALSE,FALSE,FALSE,FALSE,,,,,,2024-09-22T16:53:29.119Z,2024-12-05T00:31:46.087Z
424,The Center for Carceral Communities,"4020 Market St, Philadelphia, PA 19104, USA","39.957079698297036, -75.20285664234966",76,,Support Services,Counseling,Mental Health Services,,"The Center for Carceral Communities, an initiative of the School of Social Policy & Practice at the University of Pennsylvania works collaboratively with neighborhoods in West Philadelphia to help people with a history of incarceration re-engage with the community. We provide free, evidence-based psychosocial services that address the mental health, educational, housing, advocacy and primary care challenges confronting those returning to the community. The Center seeks to reverse the community-to-prison pipeline by helping participants harness their strengths and become leaders in the community. ",267-538-0180,,,thecenterphilly.com/,noam@thecenterphilly.com,PA,19104,Philadelphia,,,,,,,,,,,,,,,,,,,,FALSE,,FALSE,FALSE,FALSE,,,,,,,2024-09-22T16:53:29.116Z,2024-09-22T16:53:29.116Z
423,Low-Income Home Energy Assistance Program (LIHEAP),"1163 S Broad St, Philadelphia, PA 19147, USA","39.9358891801595, -75.16686332989664",61,,Support Services,Counseling,Mental Health Services,,,,,,,,,,,,,,,,,,,,,,,,,,,,,,FALSE,,FALSE,FALSE,FALSE,,,,,,,2024-09-22T16:53:29.114Z,2024-09-22T16:53:29.114Z
422,Esperanza College of Eastern University,"4417 N 6th St, Philadelphia, PA 19140, USA","40.01890642364248, -75.13665002048472",58,,Support Services,Counseling,Mental Health Services,,,215-324-0746,,108,https://esperanza.eastern.edu/,,PA,19140,Philadelphia,,,,,,,,,,,,,,,,,,,,FALSE,,FALSE,FALSE,FALSE,FALSE,,,,,,2024-09-22T16:53:29.111Z,2024-10-17T18:36:52.344Z
421,Delaware County Family Service Center,"1260 E Woodland Ave #212, Springfield, PA 19064, USA","39.908968287578304, -75.33045831802741",53,,Support Services,Homelessness,Counseling,DCFSC,"Services include residential treatment programs for at-risk children, family service centers, foster care, adoption, immigration services, counseling, senior citizen centers, programming for the elderly, transitional housing, homeless services, and care for medically fragile men and women. CSS further provides community-based education programs to court-adjudicated youth and sponsor residential and community-based care for persons who are developmentally delayed.",610-876-7101,267-331-2490,,cssphiladelphia.org,cssphiladelphia@chs-adphila.org,PA,19013,Delaware,Chester,,,,,,,,,,,,,,,,,,,FALSE,,FALSE,FALSE,FALSE,,,,,,,2024-09-22T16:53:29.108Z,2024-09-22T16:53:29.108Z
420,"The Cenacle at Padre Pio Center
","1527 Church St, Philadelphia, PA 19124, USA","40.011768497680386, -75.08975495743819",52,,Support Services,Women,Family Reintegration Support,,"The Cenacle at Padre Pio Center is a family nurturing center designed to support pregnant women, new parents, families, and extended families as they build their skills as the first teachers in the life of a child. Services include pregnancy and parenting education, food and diaper pantries, health literacy, educational workshops, and other supportive services.

",267-453-0090,267-331-2490,,cssphiladelphia.org,cssphiladelphia@chs-adphila.org,PA,19124,Philadelphia,Frankford,,,,,,,,,,,,,,,,,,,FALSE,,FALSE,FALSE,FALSE,,,,,,,2024-09-22T16:53:29.105Z,2024-09-22T16:53:29.105Z
419,Catholic Social Services: Northeast,"7340 Jackson St, Philadelphia, PA 19136, USA","40.03321079433493, -75.03538858580227",50,,Support Services,Homelessness,Counseling,CSS,"Services include residential treatment programs for at-risk children, family service centers, foster care, adoption, immigration services, counseling, senior citizen centers, programming for the elderly, transitional housing, homeless services, and care for medically fragile men and women. CSS further provides community-based education programs to court-adjudicated youth and sponsor residential and community-based care for persons who are developmentally delayed.",215-624-5920,267-331-2490,,cssphiladelphia.org,cssphiladelphia@chs-adphila.org,PA,19136,Philadelphia,Northeast Philadelphia,,,,,,,,,,,,,,,,,,,FALSE,,FALSE,FALSE,FALSE,,,,,,,2024-09-22T16:53:29.103Z,2024-09-22T16:53:29.103Z
418,Catholic Social Services,"222 N 17th St, Philadelphia, PA 19103, USA","39.95752549944076, -75.16766733816495",48,,Support Services,Homelessness,Counseling,CSS,"Services include residential treatment programs for at-risk children, family service centers, foster care, adoption, immigration services, counseling, senior citizen centers, programming for the elderly, transitional housing, homeless services, and care for medically fragile men and women. CSS further provides community-based education programs to court-adjudicated youth and sponsor residential and community-based care for persons who are developmentally delayed.",215-587-3555,267-331-2490,,cssphiladelphia.org,cssphiladelphia@chs-adphila.org,PA,19103,Philadelphia,,,,,,,,,,,,,,,,,,,,FALSE,,FALSE,FALSE,FALSE,,,,,,,2024-09-22T16:53:29.100Z,2024-09-22T16:53:29.100Z
417,Youth Sentencing & Reentry Project,"1528 Walnut St # 515, Philadelphia, PA 19102, USA","39.94967860030689, -75.16729100372838",47,https://ysrp.org/ysrp-featured-on-pbs-series-on-the-lives-of-returning-citizens/,Young Adults,Legal Assistance,Support Services,YSRP,Provides legal representation and reentry support to youth prosecuted in the adult criminal justice system.,267-703-8046,,,ysrp.org,info@ysrp.org,PA,19102,Philadelphia,,,,Bianca Van Heydoorn,Bianca,Van Heydoorn,Executive Director,,bvanheydoorn@ysrp.org,Emily Robb,Emily,Robb,Director of Advocacy,267-703-8050,erobb@ysrp.org,,,,,FALSE,,FALSE,FALSE,FALSE,,,,,,,2024-09-22T16:53:29.098Z,2024-09-22T16:53:29.098Z
416,The ReAwakening Agency,"1114 S 23rd St, Philadelphia, PA 19146, USA",,46,,Support Services,Clothing Assistance,Life Skills Training,,"A reentry organization providing basic necessities, mentorship, and other support. Services offered: support, hygiene products, food, career / education mentorship, community engagement programs ",267-241-7319,,,https://www.aftertheawakening.org/,thereawakeagency@gmail.com,PA,,Philadelphia,The ReAwakening Agency does not have a permanent location,,,Radee Hammett,Radee,Hammett,Founder,267-241-7319,thereawakeagency@gmail.com,,,,,,,"{'url':'4fbd9b5936b4d6e243766266323478930d64c6e49b006811c52ae1ce850beb56.png','size':4880,'width':259,'height':194,'filename':'download.png','metadata':{'width':259,'height':194,'blurHash':'ekQ057-U_4%2tnJ:WAxYxvxYfPR,WXofxukWogxZRPbINGj@t8WXV@','blurHashWidth':32}}",,,,FALSE,,FALSE,FALSE,FALSE,FALSE,,,,,,2024-09-22T16:53:29.095Z,2024-12-10T21:15:30.644Z
415,Pennsylvania Prison Society,"230 S Broad St #605, Philadelphia, PA 19102, USA","39.94835909895764, -75.16498234408506",45,,Support Services,Family Reintegration Support,Community Reintegration,,"Provides assistance to incarcerated people and their families, work to ensure vital support networks are kept alive while someone is incarcerated, and provide a window into the closed world of prisons, exposing and addressing the most serious issues. Services offered: support line, transportation to SCI prisons, mentorship ",215-564-4775,,,prisonsociety.org/,helpline@prisonsociety.org customerservice@prisonsociety.org,PA,19102,Philadelphia,Across from Academy of Music,,,Kirstin Cornnell,Kirstin,Cornnell,Social Services Director,267-892-9204,kcornnell@prisonsociety.org,https://www.prisonsociety.org/who-we-are,,,,,,,,,,FALSE,,FALSE,FALSE,FALSE,,,,,,,2024-09-22T16:53:29.092Z,2024-09-22T16:53:29.092Z
414,Why Not Prosper Transitional House for Formerly Incarcerated Women,"717 E Chelten Ave, Philadelphia, PA 19144, USA","40.04475439523725, -75.1656853567775",43,https://www.why-not-prosper.org/resource-app.html,Women,Counseling,Support Services,WNP,"Empowers women returning from prison by providing support and resources to become self-sufficient.

Services offered: general reentry, support groups, employment skills, food/hygiene products, activist work, Basic Needs (Food, Clothing, etc.), Behavioral Health Services, Family-Related Services, Housing Related Services, Legal Services, Community Related Services, Court Advocacy",610-716-1113,,,why-not-prosper.org/,whynotprosper@aol.com,PA,19144,Philadelphia,,,,Rev. Dr. Michelle Anne Simmons,Michelle Anne,Simmons,Founder,,,,,,,,,,,,,FALSE,,FALSE,FALSE,FALSE,FALSE,,,,,,2024-09-22T16:53:29.090Z,2025-02-06T20:12:27.366Z
413,Brown Reentry Consulting,"601 Upland Ave, Brookhaven, PA 19015, USA","39.85519826876763, -75.37854957927385",42,,Support Services,Employment,Jobs,BRC,"Brown Reentry Consulting LLC, a local black-owned consulting firm, concentrates on preparing formerly incarcerated people through individualized employment opportunities and connection to stable housing. Through creativity, flexibility, and community collaboration, BRC provides individualized, person-centered support and training to help formerly incarcerated individuals attain their employment and housing goals.",267-225-7899,,,brownreentryconsulting.org/,admin@brownreentryconsulting.com,PA,19105,Philadelphia,Crozer Mills,,,LeBrian Brown,LeBrian,Brown,President and Founder,267-225-7899,lebrian@brownreentryconsulting.com,Dillon DeRosato,Dillon,DeRosato,Operations Manager,267-225-7899,dillon@brownreentryconsulting.com,,,,,FALSE,,FALSE,FALSE,FALSE,FALSE,,,,,,2024-09-22T16:53:29.087Z,2024-10-16T21:55:57.273Z
412,The Simple Way,"3234 Potter St, Philadelphia, PA 19134, USA","39.99783368940796, -75.11212933458826",41,,Support Services,Homelessness,Low Income,,"Food Pantry, Support Services, Neighborhood Gatherings,",215-423-3598,,,thesimpleway.org/,INFO@THESIMPLEWAY.ORG,PA,19134,Philadelphia,,,,Jen Casselberry,Jen,Casselberry,Operations and Development Director,,,,,,,,,,,,,FALSE,,FALSE,FALSE,FALSE,FALSE,,,,,,2024-09-22T16:53:29.083Z,2024-10-16T21:56:17.932Z
411,Pennsylvania Health Law Project,"123 Chestnut St, Philadelphia, PA 19106, USA","39.948619017555245, -75.14381325598478",40,,Benefits,Homelessness,Low Income,PHLP,"When you contact PHLP, they may provide advice or coach you on ways to fix your problem on your own. If you do need a lawyer, they will talk to you about how they might represent you in hearings or other forums.",800-274-3258,,,,staff@phlp.org,PA,19106,Philadelphia,,,,,#VALUE!,#VALUE!,,,,,,,,,,,,,,FALSE,,FALSE,FALSE,FALSE,FALSE,,,,,,2024-09-22T16:53:29.080Z,2024-10-16T21:56:42.777Z
410,Mamie Nichols Center,"1529 S 22nd St, Philadelphia, PA 19146, USA","39.93253814431196, -75.1811976224768",39,,Support Services,Homelessness,Low Income,,"This program assists Philadelphia residents in achieving financial stability through public benefits submissions. The process begins with a screening for local, state, and federal benefits based on household size and income. If eligible, our counselors assist with application completion and subsequent follow-up to ensure enrollment.",(215) 336-5505,(215) 336-3511,,https://gpca-phila.org,intake@gpca-phila.org,PA,19145,Philadelphia,,,,,,,,,,,,,,,,"{'url':'0a58d7bf5d6366bf1c46d92edde2ba0deb6fc22a92bbe869ed5928f3ae654dcd.png','size':6712,'width':259,'height':194,'filename':'download.png','metadata':{'width':259,'height':194,'blurHash':'eRR{oexu_N.8WE.9odn#SiWB_3s:D%R+WB?HW?V@was,NwWqoMjss:','blurHashWidth':32}}",,,,FALSE,,FALSE,FALSE,FALSE,FALSE,,,,,,2024-09-22T16:53:29.078Z,2024-12-10T21:18:49.508Z
409,Face To Face,"123 E Price St, Philadelphia, PA 19144, USA","40.03835019842051, -75.17413138051012",38,,Legal Assistance,Homelessness,Low Income,,"This program protects the human, civil and legal rights of low income and homeless individuals. The physical center is staffed by volunteer attorneys and law students. It provides a full range of legal services from consumer to family law. This program provides: Utility assistance, Housing assistance, Help applying for benefits, and Identification services.",215-438-7939,,220,facetofacegermantown.org/,,PA,19144,Philadelphia,St. Vincent de Paul Catholic Church,,,,#VALUE!,#VALUE!,,,,,,,,,,,,,,FALSE,,FALSE,FALSE,FALSE,FALSE,,,,,,2024-09-22T16:53:29.075Z,2024-10-16T21:57:44.099Z
408,Philadelphia VIP,"1500 John F Kennedy Blvd #1850, Philadelphia, PA 19102, USA","39.94919301474018, -75.16620528314392",37,,Housing Assistance,Homelessness,Low Income,,This program leverages the powerful resources of the community to provide quality volunteer estate planning and ensure access to justice for low-income Philadelphians. Phila VIP hopes to serve as many low-income persons and members of vulnerable populations throughout Philadelphia as possible.,215-523-9550,,,phillyvip.org,phillyvip@phillyvip.org,PA,19102,Philadelphia,,,,,#VALUE!,#VALUE!,,,,,,,,,,,,,,FALSE,,FALSE,FALSE,FALSE,FALSE,,,,,,2024-09-22T16:53:29.072Z,2024-10-16T21:58:06.573Z
407,Pennsylvania Health Access Network,"1501 Cherry St, Philadelphia, PA 19102, USA","39.95580864467246, -75.16504057307674",36,,Insurance,Homelessness,Low Income,PHAN,This program offers free health insurance enrollment to anyone who needs assistance. They are here to make sure you get the best coverage for you and your family.,877-570-3642,,,pahealthaccess.org/gethelp/,,PA,19102,Philadelphia,Friends Center,,,,#VALUE!,#VALUE!,,,,,,,,,,,,,,FALSE,,FALSE,FALSE,FALSE,FALSE,,,,,,2024-09-22T16:53:29.069Z,2024-10-16T21:59:54.480Z
406,Help at Home,"1500 Spring Garden St floor 6 suite b, Philadelphia, PA 19130, USA","39.962538834547885, -75.16420622933506",35,,Caretaking,Homelessness,Low Income,,"Help at Home, which is more commonly referred to as the OPTIONS program, provides assistance to Pennsylvania residents, age 60 and older who would like to stay in their home.",215-515-9926,,,,,PA,19130,Philadelphia,,,,,#VALUE!,#VALUE!,,,,,,,,,,,,,,FALSE,,FALSE,FALSE,FALSE,FALSE,,,,,,2024-09-22T16:53:29.061Z,2024-10-16T22:00:27.795Z
405,Philadelphia Lawyers for Social Equity,"230 S Broad St suite 1102, Philadelphia, PA 19102, USA","39.948394950369234, -75.16506452819354",34,,Legal Assistance,Homelessness,Low Income,PLSE,PLSE provides free legal representation and assistance with criminal record expungement and pardons to help individuals overcome barriers to reentry.,267-519-5323,,,plsephilly.org,info@plsephilly.org,PA,19102,Philadelphia,,,,,#VALUE!,#VALUE!,,,,,,,,,,,,,,FALSE,,FALSE,FALSE,FALSE,FALSE,,,,,,2024-09-22T16:53:29.058Z,2024-10-16T22:01:14.226Z
404,Community Legal Services,,"40.00914918387382, -75.15200245871378",33,,Legal Assistance,Homelessness,Low Income,CLS,"Community Legal Services offers free legal assistance in civil matters, including reentry legal issues, housing, employment, and public benefits.",215-227-2400,,,clsphila.org/,,PA,19140,Philadelphia,,,,,,,,,,,,,,,,,,,,FALSE,,FALSE,FALSE,FALSE,FALSE,,,,,,2024-09-22T16:53:29.055Z,2025-08-14T14:47:32.701Z
403,Community Legal Services,,"39.95091141535426, -75.1652321171963",32,,Legal Assistance,Homelessness,Low Income,CLS,"Community Legal Services offers free legal assistance in civil matters, including reentry legal issues, housing, employment, and public benefits.",215-981-3700,,,clsphila.org/,,PA,19102,Philadelphia,,,,,#VALUE!,#VALUE!,,,,,,,,,,,,,,FALSE,,FALSE,FALSE,FALSE,FALSE,,,,,,2024-09-22T16:53:29.052Z,2024-10-16T22:02:07.079Z
402,ShopRite Supermarket,,"39.919680551888135, -75.18647747536926",30,,Employment,Jobs,Low Income,,Secondchance employer with positions available – Applications accepted on a rolling basis.,215-336-7300,,,https://www.shoprite.com/sm/pickup/rsid/3000/BrownsSuperStores,,PA,19145,Philadelphia,Quartermaster Plaza,,,,#VALUE!,#VALUE!,,,,Aaliyah,,,,Ext. 103,aaliyah@broadstreetministry.org,,,,,FALSE,,FALSE,FALSE,FALSE,,,,,,,2024-09-22T16:53:29.048Z,2024-09-22T16:53:29.048Z
401,ShopRite Supermarket,,"40.00949780641033, -75.17457024583268",29,,Employment,Jobs,Low Income,,Secondchance employer with positions available – Applications accepted on a rolling basis.,215-717-1222,,,https://www.shoprite.com/sm/pickup/rsid/3000/BrownsSuperStores,,PA,19129,Philadelphia,Bakers Centre,,,,#VALUE!,#VALUE!,,,,,,,,,,,,,,FALSE,,FALSE,FALSE,FALSE,,,,,,,2024-09-22T16:53:29.045Z,2025-08-14T19:47:13.794Z
400,Planet Fitness,,"39.918346664709034, -75.1887141043409",28,,Employment,Jobs,Low Income,,"Secondchance employer with positions available – Overnight Gym Maintenance, Janitor & Custodial, Daytime Front Desk Monitor, and Personal Trainer.",215-551-9000,,,https://www.planetfitness.com/gyms/philadelphia-south-philly-pa,,PA,19145,Philadelphia,Quartermaster Plaza,,,,#VALUE!,#VALUE!,,,,,,,,,,,,,,FALSE,,FALSE,FALSE,FALSE,,,,,,,2024-09-22T16:53:29.043Z,2024-09-22T16:53:29.043Z
399,City Fitness,"1819 John F Kennedy Blvd, Philadelphia, PA 19103, USA","39.95452315923421, -75.17056154376449",27,,Employment,Jobs,Low Income,,Secondchance employer with positions available – gym cleaner or personal trainer.,215-302-2300,,,https://cityfitnessphilly.com/logan-square/,logansquare@cityfitnessphilly.com,PA,19103,Philadelphia,,,,,#VALUE!,#VALUE!,,,,,,,,,,,,,,FALSE,,FALSE,FALSE,FALSE,FALSE,,,,,,2024-09-22T16:53:29.040Z,2024-10-17T20:00:53.480Z
398,City Fitness,"2112 Fairmount Ave, Philadelphia, PA 19130, USA","39.96716630547303, -75.17274128948539",26,,Employment,Jobs,Low Income,,Secondchance employer with positions available – gym cleaner or personal trainer.,267-534-3435,,,https://cityfitnessphilly.com/fairmount-club/,fairmount@cityfitnessphilly.com,PA,19130,Philadelphia,,,,,#VALUE!,#VALUE!,,,,,,,,,,,,,,FALSE,,FALSE,FALSE,FALSE,FALSE,,,,,,2024-09-22T16:53:29.037Z,2024-10-17T20:00:41.990Z
397,United Parcel Service,"15 E Oregon Ave, Philadelphia, PA 19148, USA","39.913582552709116, -75.14464652175505",25,,Employment,Jobs,Low Income,UPS,Secondchance employer with positions available – applications are accepted on a rolling basis.,888-742-5877,,,https://locations.ups.com/us/en/pa/philadelphia/customer-center-004097.html,,PA,19148,Philadelphia,,,,,#VALUE!,#VALUE!,,,,,,,,,,,,,,FALSE,,FALSE,FALSE,FALSE,FALSE,,,,,,2024-09-22T16:53:29.034Z,2024-10-17T20:00:29.985Z
396,Community Integrated Services,"441 N 5th St suite 101, Philadelphia, PA 19123, USA","39.95905844770063, -75.14692668167235",24,,Employment,Jobs,Low Income,CIS,Available job openings as Business Development Specialist and Job Coaches. Second chance employer.,215-238-7411,,,cisworks.org/,info@cisworks.org,PA,19123,Philadelphia,,,,,#VALUE!,#VALUE!,,,,,,,,,,,,,,FALSE,,FALSE,FALSE,FALSE,FALSE,,,,,,2024-09-22T16:53:29.032Z,2024-10-16T22:02:15.204Z
393,FedEx Ship Center,"3600 Grays Ferry Ave, Philadelphia, PA 19146, USA","39.939510471726095, -75.20144344860955",21,,Employment,Jobs,Low Income,,"FedEx is a second chance employer, and are accepting applications for shipping, receiving, and forklift.",800-463-3339,,,https://local.fedex.com/en-us/pa/philadelphia/muva?cmp=LOC-1001545-3-2-971-1110000-US-US-EN-GPLDROPOFFBOXES,,PA,19146,Philadelphia,,,,,#VALUE!,#VALUE!,,,,,,,,,,,,,,FALSE,,FALSE,FALSE,FALSE,FALSE,,,,,,2024-09-22T16:53:29.023Z,2024-10-17T19:59:55.487Z
392,SP Plus Parking,"10 S 8th St, Philadelphia, PA 19106, USA","39.94963625031996, -75.16810984156376",20,,Employment,Jobs,Benefits,SP+,"Second Chance Employer. Has contracts all throughout the city for parking garages, security, and the sporting stadiums in Philadelphia.",215-568-4018,,,spplus.com/,,PA,19017,Philadelphia,,,,Brenda Trampe,Brenda,Trampe,Human Resource Coordinator,215-873-5684,btrampe@spplus.com,Amanda Braccia,Amanda,Braccia,HR Manager,267-282-1167,abraccia@spplus.com,,,,,FALSE,,FALSE,FALSE,FALSE,FALSE,,,,,,2024-09-22T16:53:29.021Z,2024-10-16T22:03:40.944Z
391,ACHIEVEability,"5901 Market St suite 410, Philadelphia, PA 19139, USA","39.96206457094292, -75.23913350306893",19,,Housing Assistance,Homelessness,Low Income,,We partner with families experiencing or at-risk-of-experiencing homelessness to provide them with housing and supportive services to empower them to break the cycle of poverty through education.,215-748-8800,,,achieveability.org/aboutus,,PA,19139,Philadelphia,,,,,#VALUE!,#VALUE!,,,,,,,,,,,,,,FALSE,,FALSE,FALSE,FALSE,FALSE,,,,,,2024-09-22T16:53:29.018Z,2024-10-16T22:04:02.309Z
390,Horizon House Supported Employment Services,"5901 Market St 3rd floor, Philadelphia, PA 19139, USA","39.962055139902645, -75.2391349374777",18,,Caretaking,Homelessness,Low Income,HHSES,"Horizon House has responded to the needs of individuals by broadening its scope of programs and services for adults with behavioral health needs, individuals with intellectual and developmental disabilities, and the homeless.",215-386-3838,,12253,hhinc.org/about-us/,,PA,19139,Philadelphia,,,,,#VALUE!,#VALUE!,,,,,,,,,,,,,,FALSE,,FALSE,FALSE,FALSE,FALSE,,,,,,2024-09-22T16:53:29.015Z,2024-10-16T22:04:47.374Z
389,People Advancing Reintegration Recycle Works,"2024 W Hunting Park Ave, Philadelphia, PA 19140, USA","40.01226155782497, -75.16112269877883",17,,Employment,Disability,Low Income,PAR,This is a non-profit electronics recycler that provides transitional employment to people returning from prison.,267-335-5455,,,par-recycleworks.org/,info@par-recycleworks.org,PA,19140,,,,,,#VALUE!,#VALUE!,,,,,,,,,,,,,,FALSE,,FALSE,FALSE,FALSE,FALSE,,,,,,2024-09-22T16:53:29.012Z,2024-10-16T22:05:19.959Z
388,Uplift Workforce Solutions,"417 N 8th St, Philadelphia, PA 19123, USA","39.95918918746169, -75.15158596595128",16,,Employment,Disability,Low Income,,"Uplift Solutions opens barriers to long-term success by providing workforce  development training in HVAC, CDL, and more industries. 

There is a workforce development training program to alleviate poverty by addressing social deficits and access to employment in under-served communities.",833-875-4389,,,upliftsolutions.org/,communications@upliftsolutions.org,PA,19123,Philadelphia,,,,,#VALUE!,#VALUE!,,,barry.johnson@upliftsolutions.org,,,,,,,,,,,FALSE,,FALSE,FALSE,FALSE,FALSE,,,,,,2024-09-22T16:53:29.010Z,2025-02-06T18:32:16.875Z
387,Inglis Employment Services,"2560 Belmont Ave, Philadelphia, PA 19131, USA","39.99920071259143, -75.21981212844187",15,,Employment,Disability,Low Income,IES,"IES provides hands-on supported employment services such as skill building, training, and partnership to assist those with disabilities.",866-246-4547,,,philaworks.org,community@inglis.org,PA,19131,Philadelphia,,,,,#VALUE!,#VALUE!,,,,,,,,,,,,,,FALSE,,FALSE,FALSE,FALSE,FALSE,,,,,,2024-09-22T16:53:29.007Z,2024-10-16T22:08:46.813Z
386,Philadelphia Opportunities Industrialization Center,"1231 N Broad St, Philadelphia, PA 19122, USA","39.972969624581665, -75.15872758440663",14,,Employment,Low Income,Disability,OIC,"Philadelphia OIC provides workforce development, education, and vocational job training programs to help individuals secure employment.",215-236-7700,,,oicphila.org/,hello@oicphila.org,PA,19122,Philadelphia,,,,,#VALUE!,#VALUE!,,,,,,,,,,,,,,FALSE,,FALSE,FALSE,FALSE,FALSE,,,,,,2024-09-22T16:53:29.005Z,2024-10-16T22:15:01.900Z
385,PA CareerLink North,"4261 N 5th St, Philadelphia, PA 19140, USA","40.016464246552644, -75.13466091376526",13,,Employment,Low Income,Disability,,"CareerLink offers job search assistance, career counseling, skills training, and other employment resources.",215-967-9711,215-557-2591,,pacareerlink.pa.gov/,,PA,19140,Philadelphia,Esperanza Nonprofit,,,,#VALUE!,#VALUE!,,,,,,,,,,,,,,FALSE,,FALSE,FALSE,FALSE,FALSE,,,,,,2024-09-22T16:53:29.002Z,2024-10-16T22:15:23.662Z
384,PA CareerLink West,"3901 Market St, Philadelphia, PA 19104, USA","39.95729926401547, -75.20149898827991",11,,Employment,Low Income,Disability,,"CareerLink offers job search assistance, career counseling, skills training, and other employment resources.",215-473-3630,215-557-2591,,pacareerlink.pa.gov/,,PA,19104,Philadelphia,University Square Complex,,,,#VALUE!,#VALUE!,,,,,,,,,,,,,,FALSE,,FALSE,FALSE,FALSE,,,,,,,2024-09-22T16:53:28.999Z,2024-09-22T18:30:12.987Z
383,PA CareerLink Suburban Station,"1617 John F Kennedy Blvd #200, Philadelphia, PA 19103, USA","39.95418792283914, -75.16738044108996",10,,Employment,Low Income,Disability,,"CareerLink offers job search assistance, career counseling, skills training, and other employment resources.",215 557-2592,215-557-2591,,pacareerlink.pa.gov/,,PA,19103,Philadelphia,Suburban Station SEPTA commuter rail station,,,,#VALUE!,#VALUE!,,,,,,,,,,,,,,FALSE,,FALSE,FALSE,FALSE,FALSE,,,,,,2024-09-22T16:53:28.997Z,2024-10-16T22:15:49.531Z
382,Utilities Emergency Services Fund,"1608 Walnut St #600, Philadelphia, PA 19103, USA","39.9497107746814, -75.16805841761692",8,,Housing Assistance,Homelessness,Low Income,UESF,"This program quickly places people experiencing homelessness into temporary housing. Once housed, individuals or families are set on a path to secure permanent housing.",215-972-5170,(215) 814-6845,,https://uesfacts.org/,,PA,19103,Philadelphia,,"Monday–Friday, 9 a.m.–5 p.m.",,,#VALUE!,#VALUE!,,,,,,,,,,,,,,FALSE,,FALSE,FALSE,FALSE,FALSE,,,,,,2024-09-22T16:53:28.994Z,2024-10-17T18:31:41.668Z
381,H.E.L.P. Philadelphia,"1500 Market St, Philadelphia, PA 19102, USA","39.95209420573439, -75.16685383177212",7,,Housing Assistance,Homelessness,Low Income,HELP,The facility provides 50 transitional apartments for homeless families and 40 permanent townhouses for low-income families.,215-473-7451,(215) 473-6454,,,,PA,19131,Philadelphia,,,,Shirley Robinson,Shirley,Robinson,Project Director,215.473.7451,Public Health Management Corporation,,,,,,,,,,,FALSE,,FALSE,FALSE,FALSE,FALSE,,,,,,2024-09-22T16:53:28.992Z,2024-12-10T19:35:02.780Z
380,Community Residential Rehabilitation Services,"9350 Ashton Rd suite 201, Philadelphia, PA 19114, USA","39.96204288418685, -75.23913910598966",6,,Housing Assistance,Homelessness,Mental Health Services,CRRS,This program assists individuals with chronic mental illness live in a group home setting.,215-386-3838,267-350-8600,12224,,,PA,19136,Philadelphia,,"Monday – Friday
8 am – 4 pm",,,#VALUE!,#VALUE!,,,,,,,,,,,,,,FALSE,,FALSE,FALSE,FALSE,FALSE,,,,,,2024-09-22T16:53:28.989Z,2024-10-16T22:19:12.763Z
379,Bridge House Transitional Housing,"4300 Monument Rd, Philadelphia, PA 19131, USA","40.01701511712326, -75.09466579360301",5,,Housing Assistance,Women,Low Income,,Serves women who come from shelters by providing a safe and supportive home where they may live for up to twelve months while developing self-sufficiency.,215-877-1925,,,https://www.findhelp.org/methodist-services--philadelphia-pa--bridge-house-transitional-housing/4957206332047360?postal=19019,,PA,19131,Philadelphia,,Mon-Fri 8-5,,,#VALUE!,#VALUE!,,,,,,,,,,,,,,FALSE,,FALSE,FALSE,FALSE,FALSE,,,,,,2024-09-22T16:53:28.986Z,2024-10-16T22:27:45.267Z
378,Our Closet In Your Neighborhood,"345 Montgomery Ave, Bala Cynwyd, PA 19004, USA","40.006241512978505, -75.24432686937354",4,,Housing Assistance,Homelessness,Low Income,OCIYN,,267-256-2179,,,https://jfcsphilly.org/our-closet-in-your-neighborhood/,info-ociyn@jfcsphilly.org,,,,,,,,#VALUE!,#VALUE!,,,,,,,,,,,,,,FALSE,,FALSE,FALSE,FALSE,,,,,,,2024-09-22T16:53:28.982Z,2024-09-22T16:53:28.982Z
377,Project HOME Outreach Coordination Center,"1515 Fairmount Ave, Philadelphia, PA 19130, USA","39.967328342728926, -75.16292530784942",3,,,,,OCC,"Project HOME's Outreach Coordination Center (OCC), in partnership with the City of Philadelphia and other service providers, coordinates outreach to people living on the streets of Philadelphia.

Outreach response workers build trusting relationships that enable individuals who are homeless to accept placement in appropriate settings where they may obtain needed opportunities to stabilize their lives. The outreach teams attempt to establish a rapport that gradually leads to acceptance and openness to seeking help.

Outreach teams conduct street outreach almost around the clock seven days per week, with additional teams out during summer and winter weather emergencies.",215-232-1984,,,projecthome.org/outreach-coordination-center,,PA,19131,Philadelphia,,,,,,,,,,,,,,,,,,,,FALSE,,FALSE,FALSE,FALSE,,,,,,,2024-09-22T16:53:28.979Z,2024-09-22T16:53:28.979Z
376,Project HOME,"2826 W Diamond St, Philadelphia, PA 19121, USA","39.96726425698941, -75.16296469072131",2,https://www.projecthome.org/locations,Housing Assistance,Homelessness,Low Income,HOME,"Project HOME provides supportive housing, employment assistance, and other services to help individuals break the cycle of homelessness and poverty.",215-232-7272,(215) 232-0604,,projecthome.org,,PA,19130,Philadelphia,,,,,#VALUE!,#VALUE!,,,,,,,,,,,,,,FALSE,,FALSE,FALSE,FALSE,FALSE,,,,,,2024-09-22T16:53:28.976Z,2024-10-16T22:32:21.832Z
375,Philadelphia Housing Authority,"2013 Ridge Ave, Philadelphia, PA 19121, USA","39.97669587180632, -75.16894324090042",1,,Housing Assistance,Disability,Low Income,PHA,The Philadelphia Housing Authority offers affordable housing options and support services for eligible individuals and families.,215-684-4000,,,pha.phila.gov,,PA,19121,Philadelphia,,,,FirstN LName,FirstN,LName,,,,FirstName LastN,FirstName,LastN,,,,,,,,FALSE,,FALSE,FALSE,FALSE,FALSE,,,,,,2024-09-22T16:53:28.967Z,2024-10-16T18:44:35.815Z
